{
  "id": "",
  "name": "",
  "font_family": "iconfont",
  "css_prefix_text": "icon-",
  "description": "",
  "glyphs": [
    {
      "icon_id": "248923",
      "name": "back",
      "font_class": "back",
      "unicode": "e662",
      "unicode_decimal": 58978
    },
    {
      "icon_id": "372210",
      "name": "cc-menu-circle",
      "font_class": "cc-menu-circle",
      "unicode": "e672",
      "unicode_decimal": 58994
    },
    {
      "icon_id": "16555057",
      "name": "视频",
      "font_class": "shipin",
      "unicode": "e611",
      "unicode_decimal": 58897
    },
    {
      "icon_id": "21924072",
      "name": "英雄详情",
      "font_class": "yingxiongxiangqing",
      "unicode": "e60a",
      "unicode_decimal": 58890
    },
    {
      "icon_id": "22813453",
      "name": "menu",
      "font_class": "menu",
      "unicode": "e63e",
      "unicode_decimal": 58942
    }
  ]
}
